-1.1598,2.2974e+05
-1.1598,451
-1.1598,27
-1.1598,1094
-1.1598,69
-1.1598,2801
-1.1598,111
-1.1598,58
-1.1598,1715
-1.1598,118
-1.1598,64
-1.1598,30
-1.1598,20
-1.1598,3
-1.1598,1
-1.1598,23
-1.1598,70
-1.1598,2
-1.1598,92
-1.1598,7
-1.1598,3
-1.1598,1
-1.1598,5
-1.1597,67
-1.1597,3
-1.1597,2
-1.1597,11
-1.1597,87
-1.1597,16
-1.1597,17
-1.1597,7
-1.1597,9
-1.1597,148
-1.1597,19
-1.1597,2
-1.1597,13
-1.1597,23
-1.1597,7
-1.1597,208
-1.1597,5
-1.1597,2
-1.1596,173
-1.1596,136
-1.1596,129
-1.1596,64
-1.1596,2
-1.1596,1
-1.1596,22
-1.1596,2
-1.1596,856
-1.1596,4
-1.1596,3
-1.1596,10
-1.1596,16
-1.1596,2
-1.1596,1
-1.1596,70
-1.1596,84
-1.1596,8
-1.1595,4
-1.1595,1
-1.1595,149
-1.1595,4
-1.1595,3
-1.1595,48
-1.1595,2
-1.1595,119
-1.1595,4
-1.1595,3
-1.1595,2
-1.1595,85
-1.1595,10
-1.1595,2
-1.1594,3
-1.1594,6
-1.1594,1
-1.1594,73
-1.1594,1
-1.1594,1
-1.1594,3
-1.1594,5
-1.1594,7
-1.1594,1
-1.1594,3
-1.1594,12
-1.1594,1
-1.1594,1
-1.1594,1
-1.1593,1
-1.1593,46
-1.1593,3
-1.1593,2
-1.1593,2
-1.1593,1
-1.1593,1
-1.1593,8
-1.1593,58
-1.1592,1
-1.1592,2
-1.1592,3
-1.1592,2
-1.1592,2
-1.1592,1
-1.1592,11
-1.1592,4
-1.1592,1
-1.1591,12
-1.1591,1
-1.1591,1
-1.1591,1
-1.1591,1
-1.1591,1
-1.1591,2
-1.1591,1
-1.1591,7
-1.1591,1
-1.159,1
-1.159,1
-1.159,1
-1.159,6
-1.159,1
-1.159,1
-1.159,1
-1.159,1
-1.159,1
-1.1589,1
-1.1589,4
-1.1589,5
-1.1589,4
-1.1589,8
-1.1589,3
-1.1588,4
-1.1588,2
-1.1588,5
-1.1588,3
-1.1588,15
-1.1588,1
-1.1588,7
-1.1588,2
-1.1588,2
-1.1587,1
-1.1587,8
-1.1587,1
-1.1587,3
-1.1586,7
-1.1586,1
-1.1586,5
-1.1586,1
-1.1586,1
-1.1586,3
-1.1586,1
-1.1586,1
-1.1586,1
-1.1585,24
-1.1585,1
-1.1585,1
-1.1585,86
-1.1584,2
-1.1584,2
-1.1584,3
-1.1584,1
-1.1584,2
-1.1583,1
-1.1583,1
-1.1583,1
-1.1583,10
-1.1583,1
-1.1583,5
-1.1583,1
-1.1583,1
-1.1583,1
-1.1582,1
-1.1582,2
-1.1582,1
-1.1582,3
-1.1582,4
-1.1582,2
-1.1581,1
-1.1581,2
-1.1581,5
-1.1581,2
-1.1581,2
-1.1581,5
-1.1581,2
-1.158,1
-1.158,1
-1.158,1
-1.158,3
-1.158,12
-1.158,1
-1.158,1
-1.1579,1
-1.1579,1
-1.1579,1
-1.1579,1
-1.1579,10
-1.1579,1
-1.1579,1
-1.1579,2
-1.1578,1
-1.1578,2
-1.1578,1
-1.1578,1
-1.1578,1
-1.1578,12
-1.1577,1
-1.1577,1
-1.1577,2
-1.1576,19
-1.1576,2
-1.1576,1
-1.1576,3
-1.1575,1
-1.1575,3
-1.1575,1
-1.1575,2
-1.1575,1
-1.1575,32
-1.1574,1
-1.1574,4
-1.1574,6
-1.1574,1
-1.1573,1
-1.1573,1
-1.1573,197
-1.1573,1
-1.1573,2
-1.1573,2
-1.1573,12
-1.1573,1
-1.1572,3
-1.1572,1
-1.1572,2
-1.1572,1
-1.1572,2
-1.1572,6
-1.1571,5
-1.1571,1
-1.1571,1
-1.1571,13
-1.1571,4
-1.1571,1
-1.1571,2
-1.157,3
-1.157,1
-1.157,1
-1.157,1
-1.1569,4
-1.1569,1
-1.1569,7
-1.1569,4
-1.1569,1
-1.1568,2
-1.1568,1
-1.1568,1
-1.1568,15
-1.1568,1
-1.1567,1
-1.1567,2
-1.1567,1
-1.1567,1
-1.1567,2
-1.1567,1
-1.1566,2
-1.1566,1
-1.1566,1
-1.1566,1
-1.1566,1
-1.1566,1
-1.1565,1
-1.1565,2
-1.1565,2
-1.1565,1
-1.1565,5
-1.1565,1
-1.1564,2
-1.1564,1
-1.1564,1
-1.1564,2
-1.1564,21
-1.1564,2
-1.1563,4
-1.1563,1
-1.1563,1
-1.1563,1
-1.1562,5
-1.1562,1
-1.1562,1
-1.1562,1
-1.1562,1
-1.1562,1
-1.1561,4
-1.1561,3
-1.1561,1
-1.156,1
-1.156,2
-1.156,1
-1.156,1
-1.1559,8
-1.1559,1
-1.1559,1
-1.1559,1
-1.1559,1
-1.1559,1
-1.1559,1
-1.1558,1
-1.1558,2
-1.1558,1
-1.1558,2
-1.1558,4
-1.1558,1
-1.1558,1
-1.1557,1
-1.1557,1
-1.1556,1
-1.1556,2
-1.1556,1
-1.1556,1
-1.1555,1
-1.1555,1
-1.1555,5
-1.1554,1
-1.1553,1
-1.1553,61
-1.1553,2
-1.1553,1
-1.1552,1
-1.1552,1
-1.1552,1
-1.1552,1
-1.1552,1
-1.1552,1
-1.1552,3
-1.1551,1
-1.1551,1
-1.1551,1
-1.1551,1
-1.1551,1
-1.155,2
-1.155,1
-1.1549,2
-1.1549,1
-1.1549,1
-1.1549,1
-1.1548,1
-1.1548,1
-1.1548,1
-1.1548,2
-1.1547,1
-1.1547,2
-1.1547,2
-1.1547,1
-1.1545,1
-1.1545,3
-1.1545,1
-1.1544,1
-1.1544,1
-1.1544,1
-1.1543,3
-1.1543,4
-1.1542,1
-1.1542,1
-1.1542,1
-1.1541,2
-1.1541,5
-1.1541,2
-1.1541,1
-1.154,1
-1.1539,13
-1.1538,2
-1.1538,2
-1.1537,1
-1.1537,1
-1.1536,1
-1.1536,2
-1.1536,4
-1.1535,1
-1.1534,1
-1.1534,1
-1.1534,5
-1.1533,1
-1.1532,1
-1.1532,1
-1.1531,2
-1.1531,1
-1.153,3
-1.153,1
-1.1529,1
-1.1529,1
-1.1529,1
-1.1529,1
-1.1528,2
-1.1528,1
-1.1528,1
-1.1528,2
-1.1527,2
-1.1527,1
-1.1527,1
-1.1526,1
-1.1526,1
-1.1525,1
-1.1524,1
-1.1524,3
-1.1523,3
-1.1523,1
-1.1522,1
-1.152,1
-1.152,1
-1.1519,1
-1.1518,1
-1.1518,1
-1.1517,6
-1.1517,1
-1.1516,2
-1.1516,1
-1.1516,2
-1.1516,1
-1.1516,1
-1.1515,1
-1.1515,3
-1.1515,1
-1.1515,1
-1.1515,1
-1.1513,1
-1.1513,1
-1.1513,2
-1.1512,6
-1.1512,1
-1.1511,1
-1.1511,4
-1.151,1
-1.151,1
-1.1509,2
-1.1509,1
-1.1508,1
-1.1508,1
-1.1508,2
-1.1507,1
-1.1507,1
-1.1507,1
-1.1506,1
-1.1505,1
-1.1505,1
-1.1504,7
-1.1504,1
-1.1503,1
-1.1503,2
-1.1502,1
-1.1501,3
-1.1501,5
-1.15,1
-1.15,1
-1.15,2
-1.1499,1
-1.1499,1
-1.1498,2
-1.1497,1
-1.1497,1
-1.1497,1
-1.1495,1
-1.1495,1
-1.1495,2
-1.1494,8
-1.1494,1
-1.1493,1
-1.1492,1
-1.1492,1
-1.1492,2
-1.1492,1
-1.1492,1
-1.149,2
-1.1489,2
-1.1489,2
-1.1489,1
-1.1488,1
-1.1487,1
-1.1487,1
-1.1487,462
-1.1487,1
-1.1486,1
-1.1486,1
-1.1485,2
-1.1485,1
-1.1485,1
-1.1484,1
-1.1484,1
-1.1484,1
-1.1483,1
-1.1482,2
-1.1482,1
-1.1482,1
-1.1481,1
-1.1481,1
-1.1481,1
-1.1481,1
-1.148,1
-1.148,2
-1.1478,1
-1.1478,1
-1.1478,1
-1.1476,1
-1.1476,6
-1.1476,2
-1.1475,1
-1.1474,3
-1.1474,1
-1.1474,1
-1.1473,2
-1.1472,1
-1.1472,1
-1.1471,5
-1.1471,1
-1.147,1
-1.147,1
-1.147,1
-1.147,1
-1.1469,1
-1.1469,1
-1.1469,1
-1.1468,1
-1.1468,2
-1.1468,1
-1.1467,2
-1.1467,1
-1.1467,1
-1.1466,1
-1.1466,1
-1.1466,1
-1.1465,1
-1.1465,1
-1.1465,1
-1.1464,1
-1.1464,1
-1.1464,4
-1.1463,1
-1.1463,1
-1.1463,2
-1.1463,4
-1.1461,2
-1.1461,1
-1.1461,1
-1.146,2
-1.146,8
-1.146,1
-1.146,1
-1.1459,1
-1.1459,3
-1.1458,1
-1.1457,1
-1.1457,1
-1.1457,1
-1.1456,1
-1.1456,2
-1.1455,5
-1.1455,1
-1.1455,1
-1.1455,1
-1.1454,1
-1.1454,1
-1.1452,1
-1.1451,11
-1.1451,2
-1.1451,1
-1.145,1
-1.145,1
-1.1449,2
-1.1449,1
-1.1448,5
-1.1447,1
-1.1447,1
-1.1446,1
-1.1445,8
-1.1445,1
-1.1444,1
-1.1443,7
-1.1442,1
-1.1442,1
-1.1441,1
-1.1441,5
-1.144,7
-1.144,1
-1.1439,4
-1.1438,1
-1.1438,2
-1.1438,1
-1.1438,1
-1.1437,1
-1.1437,1
-1.1436,1
-1.1436,1
-1.1436,3
-1.1436,1
-1.1435,1
-1.1435,1
-1.1435,1
-1.1434,1
-1.1434,16
-1.1433,1
-1.1433,1
-1.1433,1
-1.1432,1
-1.1432,2
-1.1431,2
-1.1431,1
-1.1431,2
-1.143,1
-1.143,1
-1.143,1
-1.1429,1
-1.1429,1
-1.1428,4
-1.1428,1
-1.1427,1
-1.1427,5
-1.1427,1
-1.1426,2
-1.1425,1
-1.1425,1
-1.1425,1
-1.1425,3
-1.1424,34
-1.1424,3
-1.1424,1
-1.1423,1
-1.1422,1
-1.1422,1
-1.1421,1
-1.1421,5
-1.1421,1
-1.142,2
-1.1419,7
-1.1418,1
-1.1418,14
-1.1418,1
-1.1416,1
-1.1416,8
-1.1416,1
-1.1416,1
-1.1416,1
-1.1415,1
-1.1415,1
-1.1414,31
-1.1414,2
-1.1412,3
-1.1411,3
-1.1411,1
-1.1411,1
-1.1411,1
-1.1408,10
-1.1408,6
-1.1408,1
-1.1406,1
-1.1405,1
-1.1405,2
-1.1404,1
-1.1404,1
-1.1404,1
-1.1403,1
-1.1403,1
-1.1401,1
-1.14,1
-1.14,1
-1.1399,1
-1.1398,5
-1.1398,1
-1.1395,4
-1.1395,1
-1.1394,1
-1.1393,1
-1.1393,1
-1.1393,1
-1.1393,3
-1.1392,1
-1.1391,1
-1.1391,3
-1.1391,1
-1.139,3
-1.1389,2
-1.1387,8
-1.1387,1
-1.1386,1
-1.1385,1
-1.1384,1
-1.1384,4
-1.1384,2
-1.1381,2
-1.138,1
-1.138,2
-1.1378,1
-1.1377,1
-1.1377,3
-1.1376,1
-1.1376,1
-1.1375,1
-1.1375,1
-1.1375,2
-1.1373,2
-1.1373,1
-1.1372,1
-1.1371,1
-1.137,1
-1.137,2
-1.1369,1
-1.1366,5
-1.1365,1
-1.1364,2
-1.1364,1
-1.1363,1
-1.1362,1
-1.1362,1
-1.136,1
-1.1359,1
-1.1359,3
-1.1357,2
-1.1357,2
-1.1357,1
-1.1356,1
-1.1355,1
-1.1355,2
-1.1354,1
-1.1354,1
-1.1353,1
-1.1353,1
-1.1352,1
-1.1351,1
-1.135,1
-1.1349,1
-1.1347,4
-1.1346,1
-1.1346,1
-1.1345,1
-1.1344,1
-1.1344,1
-1.1343,1
-1.1341,1
-1.134,1
-1.1339,1
-1.1338,1
-1.1336,3
-1.1334,2
-1.1334,1
-1.1333,1
-1.1332,1
-1.1332,1
-1.133,1
-1.1328,2
-1.1325,2
-1.1324,4
-1.1323,1
-1.1322,1
-1.1322,1
-1.1321,3
-1.132,2
-1.1318,1
-1.1318,1
-1.1318,1
-1.1318,1
-1.1317,1
-1.1316,1
-1.1315,1
-1.1315,1
-1.1315,1
-1.1315,1
-1.1313,1
-1.1311,2
-1.131,1
-1.131,1
-1.131,3
-1.1309,1
-1.1308,1
-1.1308,1
-1.1308,1
-1.1308,1
-1.1307,1
-1.1306,1
-1.1306,4
-1.1305,1
-1.1304,1
-1.1304,1
-1.1304,4
-1.1303,1
-1.1303,4
-1.1302,1
-1.1302,1
-1.1301,1
-1.13,3
-1.13,1
-1.13,3
-1.1299,3
-1.1299,1
-1.1298,1
-1.1297,1
-1.1297,1
-1.1295,4
-1.1294,1
-1.1293,1
-1.1293,1
-1.1291,1
-1.1291,1
-1.1291,3
-1.129,1
-1.1289,1
-1.1288,2
-1.1287,1
-1.1287,1
-1.1287,1
-1.1287,1
-1.1286,1
-1.1284,1
-1.1284,1
-1.1283,1
-1.1283,2
-1.1282,1
-1.1281,1
-1.1281,1
-1.128,1
-1.128,1
-1.1279,6
-1.1278,1
-1.1277,1
-1.1277,3
-1.1277,1
-1.1277,1
-1.1276,1
-1.1275,1
-1.1274,3
-1.1274,10
-1.1272,1
-1.1271,1
-1.1271,1
-1.127,6
-1.1269,1
-1.1268,3
-1.1268,1
-1.1265,4
-1.1265,2
-1.1264,2
-1.1263,5
-1.1261,1
-1.1259,3
-1.1257,3
-1.1257,3
-1.1256,2
-1.1256,1
-1.1252,1
-1.1251,1
-1.1249,25
-1.1248,1
-1.1248,1
-1.1246,5
-1.1244,4
-1.1242,1
-1.1239,1
-1.1239,2
-1.1238,1
-1.1237,1
-1.1237,4
-1.1237,1
-1.1237,5
-1.1234,1
-1.1234,2
-1.1233,1
-1.1232,1
-1.123,1
-1.123,4
-1.1229,2
-1.1228,1
-1.1226,1
-1.1226,1
-1.1225,8
-1.1225,1
-1.1224,1
-1.1224,1
-1.1222,6
-1.122,1
-1.122,19
-1.1218,2
-1.1217,1
-1.1215,2
-1.1215,1
-1.1215,1
-1.1211,4
-1.1209,1
-1.1209,1
-1.1207,1
-1.1205,1
-1.1202,2
-1.1201,3
-1.1196,1
-1.1192,1
-1.1192,1
-1.1191,3
-1.1191,1
-1.1189,1
-1.1189,2
-1.1188,1
-1.1188,3
-1.1187,1
-1.1187,1
-1.1185,1
-1.1185,1
-1.1182,8
-1.1182,1
-1.1179,1
-1.1179,1
-1.1179,1
-1.1178,1
-1.1177,1
-1.1177,1
-1.1176,1
-1.1174,1
-1.1172,2
-1.117,1
-1.1166,1
-1.1166,1
-1.1164,1
-1.1162,1
-1.116,1
-1.1159,1
-1.1158,1
-1.1157,1
-1.1157,3
-1.1154,12
-1.1152,1
-1.115,1
-1.115,1
-1.1149,2
-1.1148,1
-1.1148,3
-1.1145,1
-1.1142,1
-1.1141,1
-1.1137,1
-1.1135,1
-1.1134,1
-1.1134,1
-1.1134,1
-1.1131,1
-1.1131,2
-1.1129,1
-1.1125,2
-1.1121,1
-1.112,2
-1.112,1
-1.1117,1
-1.1117,1
-1.1116,1
-1.1114,1
-1.111,1
-1.1106,1
-1.1105,2
-1.1104,1
-1.1103,1
-1.1102,1
-1.11,3
-1.1098,2
-1.1097,1
-1.1094,1
-1.1094,6
-1.1093,1
-1.1092,1
-1.1089,1
-1.1088,1
-1.1087,4
-1.1086,1
-1.1085,1
-1.1084,1
-1.1083,3
-1.1082,2
-1.1081,1
-1.1078,5
-1.1077,2
-1.1076,1
-1.1074,1
-1.1072,1
-1.1072,1
-1.1071,2
-1.1067,3
-1.1066,1
-1.1061,6
-1.1061,1
-1.106,1
-1.1059,2
-1.1057,1
-1.1056,24
-1.105,3
-1.1046,1
-1.1045,2
-1.1042,1
-1.1039,3
-1.1037,1
-1.1035,1
-1.1033,1
-1.1032,1
-1.1028,1
-1.1028,1
-1.1026,1
-1.1026,1
-1.1022,1
-1.1022,1
-1.1022,2
-1.102,1
-1.1018,1
-1.1015,1
-1.1013,1
-1.1013,1
-1.1013,1
-1.1012,1
-1.101,3
-1.1009,1
-1.1004,1
-1.1001,4
-1.0999,3
-1.0993,1
-1.0992,1
-1.099,2
-1.0987,2
-1.0986,1
-1.0981,3
-1.0978,1
-1.0978,1
-1.0975,2
-1.0972,1
-1.0969,2
-1.0968,1
-1.0966,2
-1.0966,1
-1.0958,1
-1.0958,2
-1.0957,1
-1.0954,2
-1.0951,2
-1.0944,3
-1.0944,1
-1.0939,1
-1.0939,1
-1.0938,1
-1.0938,1
-1.0936,1
-1.0935,1
-1.093,1
-1.0929,1
-1.0926,4
-1.0923,1
-1.092,2
-1.0912,1
-1.0907,2
-1.0894,2
-1.0887,3
-1.0876,1
-1.087,1
-1.0869,1
-1.0863,1
-1.0861,1
-1.0861,1
-1.0859,2
-1.0856,1
-1.0852,1
-1.0849,2
-1.0842,1
-1.0841,1
-1.0841,1
-1.0836,4
-1.0829,1
-1.0828,1
-1.0823,2
-1.081,1
-1.0809,1
-1.0807,1
-1.0805,1
-1.0802,1
-1.0801,1
-1.0801,1
-1.0799,1
-1.0796,1
-1.0795,1
-1.0789,2
-1.0789,1
-1.0786,1
-1.0783,1
-1.0778,1
-1.0774,1
-1.0773,3
-1.0768,2
-1.0761,1
-1.0759,1
-1.0755,1
-1.0754,2
-1.0747,2
-1.0747,1
-1.0741,1
-1.074,2
-1.0737,1
-1.0737,3
-1.073,1
-1.0726,1
-1.072,2
-1.0719,17
-1.0717,1
-1.0713,1
-1.0712,1
-1.0708,1
-1.0706,5
-1.0705,1
-1.0705,1
-1.0699,1
-1.0697,7
-1.0696,1
-1.0695,1
-1.0691,2
-1.0691,4
-1.069,1
-1.069,1
-1.0685,1
-1.0684,1
-1.0683,1
-1.0683,1
-1.0682,1
-1.0676,1
-1.0675,1
-1.0672,1
-1.0671,1
-1.0668,5
-1.0668,1
-1.0662,1
-1.0661,4
-1.0654,1
-1.0651,1
-1.0649,1
-1.0646,8
-1.0639,4
-1.0631,2
-1.0624,2
-1.0622,1
-1.062,1
-1.062,1
-1.0617,1
-1.0616,1
-1.0612,1
-1.0605,1
-1.0601,10
-1.06,1
-1.0597,1
-1.0596,1
-1.0594,2
-1.0591,1
-1.0587,1
-1.0586,1
-1.0571,1
-1.0571,2
-1.0571,1
-1.0566,1
-1.0565,1
-1.0554,1
-1.0548,2
-1.0542,1
-1.0541,1
-1.054,3
-1.0536,1
-1.0533,1
-1.0532,1
-1.0523,2
-1.0521,1
-1.0516,2
-1.0515,1
-1.0512,1
-1.0504,1
-1.0504,1
-1.0502,1
-1.0502,1
-1.05,1
-1.0499,1
-1.0494,1
-1.0492,3
-1.0487,1
-1.0484,1
-1.0484,3
-1.0481,1
-1.0476,4
-1.0469,1
-1.0469,1
-1.0468,1
-1.0464,1
-1.0461,1
-1.046,2
-1.046,1
-1.0458,1
-1.0457,1
-1.0456,3
-1.0452,1
-1.0449,2
-1.0449,1
-1.044,1
-1.0436,10
-1.0436,2
-1.0432,1
-1.0431,1
-1.0431,1
-1.0428,1
-1.042,1
-1.0419,3
-1.0411,1
-1.041,1
-1.0407,1
-1.0405,1
-1.0403,3
-1.0399,1
-1.0394,1
-1.0393,1
-1.0389,1
-1.0388,1
-1.0382,1
-1.0378,4
-1.0369,1
-1.0363,1
-1.0361,4
-1.0358,1
-1.0357,1
-1.0355,1
-1.0352,2
-1.035,1
-1.0342,1
-1.0341,1
-1.0338,1
-1.0338,1
-1.0331,1
-1.0331,1
-1.0326,1
-1.0326,5
-1.0321,1
-1.031,2
-1.0305,1
-1.0301,1
-1.0294,1
-1.0292,3
-1.0291,1
-1.0287,1
-1.0284,1
-1.0284,1
-1.0275,1
-1.0273,1
-1.027,2
-1.0266,2
-1.0261,1
-1.026,1
-1.0257,4
-1.0257,1
-1.0248,1
-1.0244,1
-1.0244,1
-1.0239,1
-1.0235,1
-1.0231,1
-1.0231,1
-1.0222,2
-1.0213,3
-1.0212,4
-1.0204,2
-1.0201,4
-1.0201,1
-1.0196,1
-1.0192,1
-1.019,1
-1.0189,1
-1.0188,9
-1.0183,1
-1.0179,2
-1.0177,2
-1.0177,1
-1.0175,1
-1.0172,2
-1.0171,1
-1.0168,1
-1.0168,1
-1.0165,1
-1.0159,2
-1.0152,7
-1.015,3
-1.0145,1
-1.0141,1
-1.0133,3
-1.0132,3
-1.0126,3
-1.0126,1
-1.0122,1
-1.0121,1
-1.0116,1
-1.0113,2
-1.0109,1
-1.0108,1
-1.0105,1
-1.0094,2
-1.0088,1
-1.0085,1
-1.0076,2
-1.0075,1
-1.0075,1
-1.0066,1
-1.0057,1
-1.0055,1
-1.0053,1
-1.0053,1
-1.0049,1
-1.0042,1
-1.0038,1
-1.0037,1
-1.0033,1
-1.0029,2
-1.0028,1
-1.0026,1
-1.0023,1
-1.0019,2
-1.0013,1
-1.0012,1
-1.0011,1
-1.001,3
-1.0007,2
-1.0002,1
-0.99999,1
-0.99807,1
-0.9971,1
-0.99694,2
-0.99613,1
-0.99467,1
-0.99458,1
-0.99425,1
-0.99418,2
-0.99363,1
-0.99319,1
-0.99284,1
-0.99281,1
-0.99265,1
-0.99222,1
-0.99188,1
-0.99124,1
-0.99108,1
-0.99091,1
-0.98993,1
-0.9892,1
-0.98828,1
-0.98826,1
-0.9878,1
-0.98764,1
-0.98736,1
-0.9871,1
-0.98694,1
-0.98653,1
-0.98644,1
-0.98627,1
-0.98617,3
-0.98564,1
-0.98527,1
-0.98521,1
-0.98415,1
-0.98399,1
-0.98374,1
-0.98358,1
-0.98243,1
-0.98224,1
-0.98127,1
-0.98123,4
-0.98108,1
-0.98076,1
-0.98037,1
-0.98022,2
-0.9797,1
-0.97946,1
-0.9792,3
-0.97911,1
-0.97866,1
-0.97844,4
-0.97782,1
-0.97773,1
-0.97715,1
-0.9771,1
-0.97612,2
-0.97509,2
-0.97444,1
-0.97426,1
-0.97406,3
-0.97302,5
-0.9728,1
-0.97226,1
-0.97208,2
-0.97207,1
-0.97198,5
-0.97191,1
-0.97122,4
-0.97094,2
-0.97073,2
-0.97059,1
-0.97029,2
-0.96989,2
-0.96988,1
-0.96969,1
-0.96934,1
-0.96885,1
-0.96816,1
-0.96796,1
-0.96736,1
-0.96674,1
-0.96667,1
-0.96659,1
-0.9662,1
-0.96568,1
-0.96539,1
-0.96483,1
-0.96409,2
-0.96335,1
-0.96302,1
-0.96239,1
-0.96229,1
-0.96143,1
-0.96036,1
-0.96025,1
-0.95928,2
-0.95911,1
-0.95713,1
-0.95706,1
-0.95605,1
-0.95594,7
-0.95571,1
-0.955,1
-0.95485,1
-0.95468,1
-0.95428,2
-0.95387,2
-0.95323,1
-0.95309,1
-0.95278,1
-0.95273,1
-0.9517,1
-0.95169,1
-0.95051,1
-0.95048,1
-0.94876,1
-0.94839,2
-0.94828,1
-0.94783,1
-0.94728,4
-0.9462,1
-0.94577,1
-0.94506,2
-0.94449,1
-0.94386,1
-0.94338,1
-0.94286,1
-0.94283,1
-0.94242,1
-0.94227,1
-0.94171,1
-0.94109,1
-0.93997,1
-0.93946,1
-0.9389,1
-0.93773,1
-0.93745,3
-0.93729,1
-0.9371,1
-0.93625,1
-0.93502,2
-0.93493,2
-0.93472,1
-0.93441,1
-0.93294,2
-0.93221,1
-0.93103,1
-0.92977,1
-0.92972,1
-0.92923,1
-0.92899,1
-0.92813,1
-0.92804,2
-0.92734,1
-0.92689,2
-0.9263,1
-0.92582,1
-0.92573,1
-0.92531,1
-0.92449,2
-0.92449,1
-0.92427,1
-0.9234,1
-0.92294,1
-0.92223,2
-0.9206,1
-0.92013,1
-0.91978,1
-0.91915,1
-0.91752,1
-0.91747,1
-0.91715,1
-0.91634,2
-0.91515,5
-0.91396,2
-0.91328,1
-0.91324,1
-0.91274,1
-0.91264,1
-0.91262,1
-0.91226,1
-0.91142,1
-0.91089,1
-0.91038,2
-0.90969,1
-0.90918,1
-0.90867,1
-0.90815,1
-0.90797,3
-0.90677,5
-0.90585,1
-0.90556,2
-0.90555,1
-0.90435,11
-0.90428,1
-0.90191,2
-0.90049,2
-0.89947,4
-0.89904,1
-0.89824,1
-0.8982,1
-0.89754,1
-0.89699,1
-0.89683,1
-0.89631,1
-0.89631,1
-0.89597,1
-0.89545,1
-0.89476,1
-0.89454,1
-0.89384,1
-0.89329,1
-0.89206,1
-0.89171,1
-0.89133,1
-0.89082,1
-0.89031,1
-0.8902,1
-0.89011,1
-0.88957,2
-0.88821,1
-0.88745,1
-0.88707,1
-0.88706,1
-0.88696,1
-0.88583,1
-0.88494,1
-0.88443,1
-0.88382,2
-0.88365,1
-0.88329,1
-0.88319,1
-0.88203,2
-0.88151,1
-0.88136,1
-0.88098,1
-0.88076,5
-0.87949,3
-0.87822,1
-0.87753,1
-0.87694,7
-0.87667,1
-0.87567,12
-0.87494,1
-0.87438,2
-0.87321,2
-0.8731,7
-0.87308,1
-0.87233,1
-0.87232,1
-0.87225,1
-0.87181,9
-0.87166,1
-0.87081,1
-0.87052,20
-0.87051,1
-0.86923,6
-0.86884,1
-0.86858,1
-0.86846,1
-0.86811,1
-0.86793,54
-0.86663,2
-0.86648,1
-0.86533,24
-0.86418,1
-0.86403,15
-0.86272,8
-0.86151,1
-0.86141,10
-0.86137,1
-0.86097,2
-0.86086,1
-0.86042,1
-0.8601,2
-0.85956,1
-0.85878,10
-0.85812,1
-0.85773,1
-0.85746,7
-0.85679,1
-0.85673,1
-0.85614,1
-0.85612,1
-0.85482,6
-0.8548,1
-0.85471,1
-0.85422,1
-0.85415,1
-0.85349,8
-0.85294,2
-0.85216,3
-0.85215,1
-0.85148,1
-0.85082,6
-0.84949,7
-0.84815,3
-0.84799,1
-0.84747,1
-0.84728,1
-0.84681,1
-0.84546,1
-0.84473,1
-0.84459,1
-0.84411,1
-0.84344,1
-0.84276,1
-0.84208,1
-0.84173,3
-0.84141,1
-0.84127,1
-0.84123,1
-0.84005,1
-0.8395,1
-0.83869,2
-0.83733,2
-0.83641,1
-0.83597,1
-0.83515,1
-0.83449,1
-0.83185,1
-0.83178,1
-0.83162,1
-0.83126,1
-0.83048,2
-0.82917,1
-0.8291,1
-0.82894,1
-0.82881,1
-0.82772,2
-0.82761,1
-0.82633,1
-0.82559,1
-0.82494,2
-0.82469,1
-0.82397,1
-0.8239,1
-0.82355,2
-0.82335,1
-0.82283,1
-0.8227,1
-0.8223,1
-0.82216,4
-0.82187,1
-0.82076,2
-0.82011,1
-0.81796,7
-0.81709,1
-0.81658,1
-0.81647,1
-0.81514,3
-0.81284,1
-0.81232,1
-0.8109,1
-0.80948,3
-0.80806,1
-0.80728,1
-0.80663,1
-0.80516,1
-0.80381,1
-0.80234,2
-0.80145,1
-0.80124,1
-0.79946,1
-0.7977,1
-0.79711,1
-0.79665,4
-0.79657,1
-0.79377,2
-0.79354,1
-0.79352,1
-0.79322,1
-0.79222,4
-0.7916,1
-0.79076,1
-0.78887,1
-0.78784,2
-0.78751,1
-0.78743,1
-0.78709,1
-0.78679,1
-0.78637,2
-0.78607,1
-0.78597,1
-0.78591,1
-0.7849,2
-0.78385,1
-0.78343,1
-0.78327,12
-0.78196,2
-0.78048,3
-0.78018,1
-0.77975,1
-0.77967,1
-0.77943,1
-0.779,7
-0.77884,1
-0.77751,1
-0.77641,1
-0.77454,15
-0.77305,1
-0.77139,1
-0.76999,1
-0.76855,1
-0.76832,1
-0.76755,1
-0.76705,1
-0.76675,1
-0.76617,1
-0.76554,2
-0.76544,1
-0.76422,1
-0.76403,1
-0.76101,1
-0.75949,1
-0.75946,1
-0.75921,1
-0.75904,1
-0.75797,1
-0.75645,2
-0.75634,1
-0.75629,6
-0.75598,1
-0.7557,1
-0.75492,1
-0.75488,1
-0.75473,1
-0.75339,2
-0.75254,1
-0.75032,3
-0.7503,1
-0.74953,1
-0.74924,1
-0.74882,1
-0.74851,1
-0.74825,1
-0.74807,1
-0.74724,4
-0.74709,1
-0.74635,1
-0.7457,4
-0.74568,1
-0.7443,1
-0.7426,2
-0.74105,1
-0.73949,3
-0.73794,5
-0.73565,1
-0.73481,2
-0.73455,1
-0.7343,1
-0.73263,1
-0.73167,2
-0.7301,1
-0.7295,1
-0.72911,1
-0.72837,3
-0.72797,1
-0.72695,3
-0.7267,1
-0.72652,1
-0.72537,8
-0.72426,1
-0.72382,1
-0.72378,1
-0.72319,1
-0.72317,1
-0.72219,1
-0.7206,1
-0.71906,1
-0.71901,2
-0.71742,1
-0.71582,2
-0.71422,1
-0.71261,1
-0.711,2
-0.71016,1
-0.70939,1
-0.70903,1
-0.70778,1
-0.70644,1
-0.70533,1
-0.70455,1
-0.70354,1
-0.70313,1
-0.70292,2
-0.70184,1
-0.7013,2
-0.70025,1
-0.69967,1
-0.69945,5
-0.69722,1
-0.69635,1
-0.69559,1
-0.69558,1
-0.69485,1
-0.69477,2
-0.69389,1
-0.69313,1
-0.6929,1
-0.69277,1
-0.69134,1
-0.68985,2
-0.68902,1
-0.68834,1
-0.6882,6
-0.68804,1
-0.68799,1
-0.6877,3
-0.68736,1
-0.68668,1
-0.68655,1
-0.68613,2
-0.6849,2
-0.68474,1
-0.68365,1
-0.68324,3
-0.68299,8
-0.6824,2
-0.68158,4
-0.67992,1
-0.67976,2
-0.67908,1
-0.67825,1
-0.67802,2
-0.67769,7
-0.67666,6
-0.67632,9
-0.67628,1
-0.67571,1
-0.67561,3
-0.67501,2
-0.67491,2
-0.67454,1
-0.67425,1
-0.67421,1
-0.67343,1
-0.67328,1
-0.67324,1
-0.67293,1
-0.67265,1
-0.6726,1
-0.67258,12
-0.67248,1
-0.67199,1
-0.67189,49
-0.67156,2
-0.67118,9
-0.67094,1
-0.67082,12
-0.67046,1
-0.67045,1
-0.67029,1
-0.67014,1
-0.66988,2
-0.66926,1
-0.66869,2
-0.66787,1
-0.66483,1
-0.6622,1
-0.65975,1
-0.65954,1
-0.65805,1
-0.65798,1
-0.65719,1
-0.65664,1
-0.65464,3
-0.65436,1
-0.65149,1
-0.65122,4
-0.65082,6
-0.6508,1
-0.64958,1
-0.64951,2
-0.64786,1
-0.64779,1
-0.64607,4
-0.64605,1
-0.64435,1
-0.64421,1
-0.64339,1
-0.64307,1
-0.64262,1
-0.64261,1
-0.64249,1
-0.64089,4
-0.63916,4
-0.63791,1
-0.63567,1
-0.63384,1
-0.63368,1
-0.63331,1
-0.63221,3
-0.63049,1
-0.63046,5
-0.62958,1
-0.62872,1
-0.62696,3
-0.62521,2
-0.62414,1
-0.62345,1
-0.62169,3
-0.62161,1
-0.61993,5
-0.61976,1
-0.61853,1
-0.61816,3
-0.61645,1
-0.61639,1
-0.61551,1
-0.61462,4
-0.61447,1
-0.61435,1
-0.61432,1
-0.61373,1
-0.61345,1
-0.61322,1
-0.61285,2
-0.61163,1
-0.61107,1
-0.61055,1
-0.61009,1
-0.60929,2
-0.60831,1
-0.60751,2
-0.60678,2
-0.60648,1
-0.60586,1
-0.60572,2
-0.6047,1
-0.60382,1
-0.60378,1
-0.60309,1
-0.60304,1
-0.60298,1
-0.60291,1
-0.60208,1
-0.60106,1
-0.60035,3
-0.59993,1
-0.59909,1
-0.59855,2
-0.59494,1
-0.59456,1
-0.59417,1
-0.58952,1
-0.5877,1
-0.58588,2
-0.58406,2
-0.58224,3
-0.58216,1
-0.58041,1
-0.57959,1
-0.5789,1
-0.5774,1
-0.5757,1
-0.57562,1
-0.57459,1
-0.57449,1
-0.5742,1
-0.57292,1
-0.57282,1
-0.57204,1
-0.57117,1
-0.57068,1
-0.56977,2
-0.5695,1
-0.5694,2
-0.56887,1
-0.5684,1
-0.56793,3
-0.56755,2
-0.56703,1
-0.56637,1
-0.56602,2
-0.5657,1
-0.56481,1
-0.56453,1
-0.56385,4
-0.56227,1
-0.56199,1
-0.55827,3
-0.55823,1
-0.55725,1
-0.55655,1
-0.55641,1
-0.55604,1
-0.55542,1
-0.55454,1
-0.55412,1
-0.55369,1
-0.5536,2
-0.55298,1
-0.55277,1
-0.55267,5
-0.5508,2
-0.54892,1
-0.54869,1
-0.54471,1
-0.5441,1
-0.54352,1
-0.54343,1
-0.54328,3
-0.54257,1
-0.54042,1
-0.5395,1
-0.53856,1
-0.53761,33
-0.5376,1
-0.53572,2
-0.53418,1
-0.53382,6
-0.53373,1
-0.53366,1
-0.53333,1
-0.53089,1
-0.53001,1
-0.52907,1
-0.52896,1
-0.52837,2
-0.52535,1
-0.52417,1
-0.52264,1
-0.52237,1
-0.52153,1
-0.52132,3
-0.52045,1
-0.51859,1
-0.51831,1
-0.518,1
-0.5166,2
-0.51523,1
-0.51467,1
-0.51431,1
-0.51274,3
-0.51213,1
-0.50728,1
-0.50694,2
-0.5055,1
-0.50499,1
-0.50183,1
-0.5011,1
-0.50002,1
-0.49915,5
-0.49877,1
-0.49817,1
-0.49759,1
-0.4972,1
-0.4969,1
-0.49418,1
-0.49328,1
-0.49321,1
-0.49317,1
-0.49132,1
-0.49121,2
-0.4907,1
-0.49031,1
-0.48936,7
-0.4892,1
-0.48829,1
-0.48739,3
-0.48639,1
-0.48542,2
-0.48526,1
-0.48344,8
-0.48323,1
-0.48204,1
-0.48147,4
-0.48047,1
-0.47949,1
-0.47751,2
-0.47744,2
-0.47653,1
-0.47633,1
-0.47627,1
-0.4755,1
-0.47523,1
-0.47503,1
-0.47461,2
-0.4744,1
-0.47421,1
-0.47273,1
-0.4726,1
-0.47256,1
-0.47055,1
-0.47039,1
-0.46955,2
-0.46875,1
-0.46667,1
-0.46555,3
-0.46319,1
-0.46167,1
-0.46164,2
-0.46155,1
-0.46079,1
-0.45954,2
-0.45917,1
-0.45911,1
-0.45907,2
-0.45854,1
-0.45595,1
-0.45551,3
-0.4535,2
-0.45343,1
-0.45159,1
-0.45033,1
-0.44945,2
-0.44942,1
-0.44844,1
-0.44693,2
-0.44641,1
-0.44544,1
-0.4454,5
-0.44439,1
-0.4443,1
-0.44326,1
-0.44134,2
-0.4409,1
-0.44032,1
-0.43726,5
-0.43535,1
-0.43364,1
-0.4331,1
-0.43112,1
-0.43112,1
-0.4306,1
-0.43034,1
-0.43028,1
-0.42907,2
-0.42905,1
-0.42702,2
-0.42444,1
-0.4229,1
-0.42142,1
-0.42084,1
-0.42084,1
-0.41877,2
-0.41874,1
-0.41801,1
-0.41684,1
-0.4167,2
-0.41436,1
-0.41165,1
-0.41163,1
-0.41107,1
-0.41079,1
-0.41078,2
-0.41027,1
-0.4084,4
-0.4078,1
-0.40632,1
-0.40324,1
-0.40214,1
-0.40212,1
-0.40207,1
-0.40128,1
-0.40107,1
-0.40005,6
-0.39982,1
-0.39948,1
-0.39928,1
-0.39796,3
-0.39776,1
-0.39752,1
-0.39659,1
-0.39586,1
-0.39522,1
-0.39453,1
-0.3945,1
-0.3936,1
-0.39307,2
-0.39214,1
-0.39176,1
-0.39166,1
-0.3906,1
-0.39059,1
-0.39052,1
-0.39036,1
-0.38955,1
-0.38918,1
-0.38841,1
-0.38752,1
-0.38533,4
-0.38474,2
-0.38321,2
-0.38218,1
-0.3811,3
-0.38088,1
-0.38057,1
-0.38004,1
-0.38003,1
-0.37925,1
-0.37898,1
-0.37835,1
-0.37829,1
-0.37783,1
-0.37742,1
-0.37685,1
-0.37675,1
-0.37637,1
-0.37592,1
-0.37579,1
-0.37512,1
-0.37501,2
-0.37473,1
-0.37441,1
-0.37409,2
-0.37357,1
-0.37325,1
-0.37217,1
-0.3709,1
-0.37047,2
-0.36833,3
-0.36816,1
-0.36765,1
-0.36732,1
-0.36725,1
-0.36633,2
-0.36619,1
-0.3651,1
-0.36405,1
-0.36312,1
-0.36247,1
-0.36191,1
-0.36008,1
-0.35976,1
-0.35869,1
-0.35778,1
-0.35761,3
-0.35738,6
-0.35566,1
-0.35546,1
-0.35428,1
-0.35346,1
-0.35331,1
-0.35315,1
-0.35296,1
-0.35228,1
-0.3521,1
-0.35181,1
-0.3518,1
-0.35115,2
-0.35097,5
-0.34911,1
-0.34895,1
-0.34801,3
-0.34785,1
-0.34706,1
-0.34682,1
-0.34638,1
-0.34509,1
-0.34466,1
-0.34333,1
-0.34249,1
-0.34006,1
-0.33845,1
-0.33814,1
-0.33583,1
-0.33546,1
-0.33378,2
-0.33371,1
-0.3335,3
-0.33305,1
-0.33212,1
-0.33194,1
-0.3316,1
-0.33159,6
-0.33049,1
-0.33036,1
-0.3289,1
-0.32879,1
-0.32734,1
-0.3261,1
-0.32542,1
-0.32503,1
-0.32482,1
-0.32482,1
-0.32409,1
-0.3238,2
-0.32369,1
-0.32281,1
-0.32248,1
-0.32184,1
-0.3212,1
-0.32107,1
-0.32009,1
-0.31843,1
-0.3183,1
-0.31623,1
-0.31483,1
-0.31467,1
-0.31387,1
-0.31331,1
-0.31238,2
-0.31181,1
-0.3096,1
-0.30863,1
-0.30862,1
-0.30836,1
-0.30734,1
-0.30654,1
-0.30641,1
-0.30516,1
-0.30504,1
-0.30487,1
-0.30443,1
-0.304,1
-0.30358,1
-0.3021,2
-0.30198,1
-0.30146,2
-0.30132,1
-0.30127,1
-0.30092,1
-0.30072,1
-0.30066,1
-0.29983,1
-0.29979,1
-0.29873,1
-0.29849,1
-0.29843,1
-0.29665,1
-0.29626,1
-0.29568,1
-0.29435,2
-0.29403,3
-0.29273,1
-0.29265,1
-0.29263,1
-0.29179,1
-0.29023,3
-0.2894,1
-0.2892,1
-0.28919,1
-0.28731,5
-0.28688,1
-0.28619,1
-0.28606,2
-0.28561,1
-0.28472,1
-0.28418,1
-0.28396,2
-0.28386,1
-0.28318,1
-0.28282,1
-0.28167,3
-0.28134,1
-0.27931,1
-0.27866,1
-0.27825,1
-0.27811,1
-0.27796,1
-0.27668,1
-0.27606,5
-0.27296,1
-0.27266,1
-0.27154,2
-0.27111,1
-0.27041,1
-0.27017,1
-0.27002,1
-0.26928,3
-0.26903,1
-0.26817,1
-0.26783,4
-0.26701,2
-0.26659,1
-0.26652,1
-0.26556,1
-0.2652,1
-0.26437,1
-0.26347,15
-0.26231,6
-0.26149,1
-0.26084,1
-0.26048,1
-0.25828,1
-0.25791,1
-0.25784,1
-0.25775,1
-0.25664,6
-0.25573,1
-0.25334,2
-0.25324,1
-0.25301,1
-0.25215,1
-0.25189,1
-0.25137,1
-0.25106,2
-0.25105,1
-0.24991,5
-0.2499,1
-0.24975,1
-0.24877,13
-0.24856,1
-0.24813,1
-0.24762,3
-0.24761,1
-0.24531,4
-0.24418,1
-0.24417,1
-0.24407,1
-0.24303,1
-0.24211,3
-0.24188,3
-0.24185,1
-0.23957,1
-0.23876,1
-0.23818,1
-0.23265,1
-0.23093,1
-0.23065,1
-0.23042,1
-0.229,1
-0.22881,1
-0.22861,1
-0.22802,3
-0.22724,1
-0.2257,6
-0.22559,1
-0.22534,1
-0.22408,1
-0.22268,1
-0.22247,1
-0.22105,1
-0.22092,2
-0.21955,1
-0.21922,1
-0.21873,3
-0.21728,3
-0.2141,2
-0.21289,1
-0.21251,2
-0.21203,1
-0.21092,1
-0.21086,1
-0.20937,1
-0.20751,1
-0.20704,1
-0.20623,1
-0.20567,1
-0.2056,1
-0.20237,1
-0.20145,1
-0.20072,1
-0.20045,1
-0.20001,1
-0.19992,1
-0.19864,1
-0.1986,1
-0.19692,1
-0.19529,3
-0.19489,1
-0.1932,1
-0.19293,1
-0.19259,1
-0.19124,1
-0.19041,1
-0.1902,1
-0.18972,1
-0.18937,1
-0.189,1
-0.1882,2
-0.18711,1
-0.18592,1
-0.18587,1
-0.18583,2
-0.18502,1
-0.18351,1
-0.18346,1
-0.18283,2
-0.18109,1
-0.18064,1
-0.17983,1
-0.17871,1
-0.17806,2
-0.17794,1
-0.17766,1
-0.17752,1
-0.17633,2
-0.17529,2
-0.17514,1
-0.17394,1
-0.17349,1
-0.17332,1
-0.1721,1
-0.17035,1
-0.17028,1
-0.16979,1
-0.168,2
-0.16795,1
-0.16703,1
-0.16678,1
-0.16563,4
-0.16557,1
-0.16467,2
-0.16438,29
-0.16325,1
-0.16281,1
-0.16199,12
-0.16189,1
-0.16182,1
-0.16128,1
-0.15954,1
-0.15941,1
-0.15838,1
-0.15804,1
-0.15768,1
-0.15742,1
-0.15639,2
-0.1563,1
-0.15478,4
-0.15424,1
-0.15423,1
-0.15249,2
-0.15237,1
-0.15178,1
-0.15121,1
-0.15014,1
-0.15007,1
-0.14996,2
-0.14962,1
-0.14938,1
-0.14754,1
-0.14727,1
-0.14513,1
-0.14458,1
-0.14314,1
-0.14271,1
-0.14255,1
-0.13993,1
-0.13955,1
-0.13832,2
-0.13768,1
-0.1375,1
-0.13688,1
-0.13603,1
-0.13543,1
-0.1344,1
-0.13416,1
-0.13269,1
-0.13261,1
-0.13245,2
-0.1316,1
-0.12934,1
-0.12916,1
-0.12881,1
-0.12812,2
-0.1269,1
-0.12568,2
-0.12516,1
-0.12326,1
-0.12261,1
-0.12079,2
-0.12068,1
-0.11797,1
-0.11783,1
-0.11775,1
-0.11772,1
-0.11761,1
-0.11694,1
-0.11589,1
-0.11453,1
-0.11452,1
-0.11223,1
-0.11203,1
-0.11188,1
-0.11098,3
-0.10852,3
-0.10828,1
-0.10785,1
-0.10715,1
-0.10468,1
-0.10112,1
-0.10096,1
-0.099277,1
-0.098647,3
-0.097409,1
-0.096359,1
-0.096172,1
-0.095169,1
-0.09465,1
-0.094356,1
-0.093694,3
-0.092108,1
-0.091213,2
-0.091105,1
-0.090469,1
-0.08997,1
-0.089538,1
-0.088729,1
-0.087399,1
-0.086447,1
-0.086135,2
-0.085453,1
-0.085127,1
-0.084945,1
-0.084911,3
-0.084902,1
-0.083753,1
-0.082722,1
-0.081465,1
-0.081261,1
-0.081153,2
-0.080828,1
-0.080132,1
-0.079926,1
-0.078136,1
-0.077918,1
-0.076296,1
-0.076267,2
-0.076228,1
-0.076068,1
-0.075016,1
-0.074886,1
-0.074303,1
-0.073766,4
-0.073611,1
-0.071258,1
-0.069576,1
-0.069533,1
-0.068756,3
-0.068702,1
-0.067491,1
-0.066246,2
-0.063733,2
-0.061218,2
-0.06111,2
-0.06084,1
-0.0587,2
-0.058544,1
-0.057438,1
-0.057412,1
-0.057147,1
-0.056729,1
-0.056178,5
-0.053654,1
-0.053546,2
-0.053131,1
-0.052788,1
-0.052338,1
-0.051127,1
-0.050972,1
-0.049862,1
-0.049836,1
-0.049498,1
-0.048597,1
-0.04606,2
-0.045442,1
-0.045282,1
-0.044958,1
-0.044666,1
-0.044554,1
-0.043529,3
-0.042129,1
-0.039589,2
-0.038449,1
-0.038445,2
-0.03838,1
-0.037574,1
-0.036138,1
-0.035905,1
-0.033358,1
-0.032973,1
-0.031952,2
-0.0319,1
-0.031087,1
-0.030808,2
-0.030699,1
-0.029479,1
-0.029401,1
-0.02627,1
-0.026068,1
-0.025699,1
-0.02314,5
-0.021911,1
-0.021772,1
-0.020579,3
-0.018712,2
-0.018014,5
-0.017906,1
-0.017765,1
-0.01615,2
-0.015447,2
-0.014161,1
-0.013305,1
-0.012877,5
-0.011581,1
-0.011428,1
-0.009871,1
-0.0083963,1
-0.0064373,1
-0.0063854,1
-0.0051486,3
-0.0050808,1
-0.0050405,1
-0.0049929,1
-0.0046527,1
-0.0045042,4
-0.003857,1
-0.0037186,1
-0.0035528,1
-0.0035369,1
-0.0033841,8
-0.0030382,5
-0.0025668,1
-0.0023117,1
-0.001072,1
0.0011739,1
0.001321,1
0.0018832,1
0.0026054,2
0.0031229,1
0.006545,1
0.0066056,3
0.0071202,2
0.0077891,6
0.0078165,1
0.0084118,1
0.0091484,1
0.010385,2
0.010403,2
0.01106,1
0.011681,1
0.011685,1
0.012115,1
0.01314,1
0.015586,4
0.015903,1
0.016898,1
0.017097,1
0.019349,10
0.020799,3
0.020803,3
0.022805,1
0.022817,1
0.023584,1
0.024414,1
0.024903,1
0.025301,1
0.026023,4
0.026679,1
0.027029,1
0.027549,1
0.028795,1
0.028933,1
0.030079,1
0.03123,2
0.031258,1
0.032138,1
0.032231,1
0.032579,1
0.0327,1
0.033881,4
0.033989,1
0.035576,1
0.036759,1
0.037236,1
0.037812,1
0.037829,1
0.039118,1
0.039133,1
0.039844,1
0.04045,1
0.040683,1
0.041764,2
0.042426,1
0.042857,1
0.043278,1
0.043754,1
0.044133,1
0.04416,1
0.044398,3
0.045011,1
0.045051,2
0.046746,3
0.047034,1
0.047073,1
0.049674,4
0.050226,23
0.052316,6
0.053717,4
0.054708,2
0.054961,1
0.057609,4
0.05801,3
0.058431,1
0.059011,1
0.059065,1
0.059759,2
0.060896,1
0.061558,1
0.061899,1
0.062101,1
0.06307,1
0.063264,7
0.064965,1
0.065571,1
0.066851,1
0.068231,1
0.069159,1
0.070015,1
0.070893,1
0.07117,1
0.071399,1
0.071863,1
0.075408,1
0.076227,1
0.077929,1
0.080711,1
0.081572,1
0.08206,1
0.084249,1
0.086928,3
0.087037,1
0.088746,1
0.089346,1
0.092297,1
0.093079,1
0.09409,1
0.094515,1
0.098433,1
0.099033,1
0.10037,2
0.10274,1
0.10307,2
0.10307,1
0.10336,1
0.10476,1
0.10771,1
0.10794,1
0.10847,3
0.10983,1
0.10989,1
0.11326,1
0.1134,1
0.11377,1
0.11388,2
0.11393,1
0.1166,1
0.11931,2
0.12426,1
0.1247,1
0.12674,1
0.1302,2
0.13241,1
0.13293,3
0.13532,1
0.13566,1
0.13839,1
0.14113,3
0.14174,1
0.14387,1
0.14425,2
0.1448,1
0.14537,2
0.14661,3
0.14763,1
0.1481,1
0.15481,1
0.15486,1
0.15499,1
0.15681,1
0.15691,1
0.15768,1
0.15829,1
0.15846,1
0.15931,1
0.16037,2
0.1604,1
0.16271,1
0.16313,2
0.16429,1
0.16795,1
0.16866,2
0.17143,2
0.1742,2
0.17453,1
0.17698,1
0.17986,1
0.18254,1
0.18536,1
0.18818,1
0.1894,1
0.1895,1
0.18953,1
0.18967,1
0.191,1
0.1915,1
0.19284,1
0.19384,3
0.19454,1
0.19757,1
0.19928,1
0.20073,1
0.20208,1
0.20354,1
0.20489,2
0.2049,3
0.20516,1
0.2052,1
0.20562,1
0.20573,1
0.20642,1
0.20769,1
0.20777,1
0.20851,1
0.20923,1
0.20957,1
0.2105,1
0.21061,1
0.21066,5
0.21393,1
0.21641,1
0.21755,1
0.21767,1
0.21927,1
0.22013,2
0.22049,1
0.22051,1
0.22177,3
0.22368,1
0.22459,1
0.22504,1
0.22602,1
0.22742,1
0.22884,1
0.22884,1
0.22897,1
0.22904,1
0.23018,1
0.23025,4
0.2331,1
0.23499,1
0.23592,1
0.23592,1
0.23747,1
0.23876,3
0.23892,1
0.24031,2
0.2416,3
0.24303,1
0.24444,5
0.24562,1
0.24729,3
0.24744,1
0.24808,1
0.24861,1
0.24975,1
0.25014,1
0.25315,1
0.25585,3
0.256,2
0.25728,2
0.25871,2
0.26019,1
0.26157,3
0.2626,1
0.26443,4
0.26587,1
0.26694,1
0.2673,2
0.26874,3
0.26886,1
0.27017,5
0.27304,3
0.27449,1
0.27592,1
0.2788,3
0.27895,1
0.28168,4
0.28456,1
0.28658,1
0.28662,1
0.28745,4
0.29034,1
0.29037,1
0.29613,2
0.30193,3
0.30483,2
0.30505,1
0.30591,2
0.31065,1
0.31357,4
0.31648,5
0.31771,9
0.3194,1
0.32086,1
0.32232,4
0.32248,1
0.32818,3
0.32964,1
0.33208,1
0.33317,1
0.33725,1
0.33992,3
0.34286,1
0.3517,2
0.35322,1
0.35465,3
0.35502,1
0.35761,2
0.35765,1
0.36057,1
0.36353,2
0.3665,2
0.36656,1
0.37244,2
0.37541,110
0.37839,20
0.38137,2
0.38435,14
0.38585,1
0.38734,1
0.38831,1
0.38874,1
0.39032,2
0.39185,1
0.39331,1
0.39451,1
0.39631,1
0.39931,5
0.40531,2
0.40831,2
0.40967,1
0.41597,1
0.42338,3
0.42347,1
0.42567,1
0.42641,1
0.42656,1
0.42792,1
0.43246,2
0.43445,1
0.43549,2
0.43788,1
0.43853,1
0.44157,1
0.45069,2
0.45413,1
0.45679,1
0.46082,1
0.46473,1
0.46597,2
0.46903,1
0.46988,1
0.47517,1
0.47824,1
0.47889,1
0.48439,1
0.4863,1
0.48747,1
0.49055,2
0.49058,2
0.49364,1
0.4938,1
0.49673,1
0.49828,1
0.5019,1
0.50256,1
0.50484,1
0.50601,3
0.50846,3
0.50911,3
0.5099,1
0.51169,1
0.51216,1
0.51264,2
0.51408,1
0.51719,1
0.51758,1
0.51843,3
0.52155,1
0.52466,2
0.5249,2
0.52535,2
0.52547,2
0.52581,3
0.52657,1
0.52944,1
0.52947,1
0.52958,2
0.52965,1
0.53007,1
0.53027,1
0.53055,1
0.5309,3
0.53104,2
0.53134,1
0.53163,1
0.53271,1
0.53396,1
0.53429,1
0.53465,2
0.5365,2
0.53715,1
0.53776,1
0.538,1
0.54028,1
0.54035,1
0.5426,1
0.54272,1
0.54328,1
0.54341,2
0.54367,1
0.54423,2
0.54424,1
0.54572,1
0.54625,2
0.54655,2
0.54688,1
0.54717,2
0.54812,1
0.54884,1
0.54975,1
0.55066,1
0.55089,1
0.55283,1
0.55464,2
0.55597,1
0.5561,1
0.55729,1
0.55829,1
0.55933,1
0.55973,2
0.56116,1
0.56252,1
0.56542,1
0.56858,1
0.57549,1
0.57672,2
0.57701,1
0.57806,2
0.57982,1
0.58093,1
0.58133,1
0.58313,1
0.58344,1
0.58466,1
0.58538,2
0.58757,3
0.59061,8
0.59081,1
0.59121,1
0.59418,1
0.59669,1
0.59732,3
0.60029,4
0.60358,1
0.60372,2
0.60407,2
0.60528,1
0.60667,3
0.60925,2
0.60938,1
0.60986,2
0.61386,1
0.61597,1
0.61946,2
0.62043,1
0.62098,1
0.62186,1
0.62244,2
0.62317,1
0.62391,1
0.62478,1
0.62587,1
0.6276,1
0.62908,1
0.62915,2
0.62991,4
0.63067,5
0.63081,2
0.63143,1
0.6323,1
0.63297,1
0.63486,1
0.63551,1
0.63609,1
0.63925,1
0.64085,1
0.64166,2
0.64195,1
0.64353,1
0.64378,1
0.64407,2
0.64571,1
0.64645,1
0.64681,1
0.6484,1
0.64984,1
0.65063,1
0.65151,3
0.65424,1
0.65486,1
0.65598,1
0.65745,1
0.6581,3
0.66134,1
0.66141,1
0.66442,2
0.66458,1
0.66689,1
0.66783,3
0.67107,1
0.67217,1
0.67441,1
0.67983,1
0.68,1
0.68069,1
0.68083,2
0.68156,1
0.68398,1
0.68409,1
0.68642,1
0.68736,1
0.68929,1
0.6898,1
0.69029,1
0.69062,1
0.69222,1
0.6941,1
0.69636,1
0.69996,1
0.70043,2
0.70276,1
0.70301,2
0.70371,1
0.70401,1
0.70685,1
0.70768,1
0.71008,1
0.71027,3
0.71038,1
0.71075,1
0.71356,2
0.71684,4
0.71749,1
0.71775,1
0.71837,1
0.71848,1
0.71901,1
0.71936,1
0.71936,1
0.72014,1
0.7209,1
0.72149,1
0.72254,4
0.72256,1
0.72333,1
0.72343,2
0.7236,1
0.72395,1
0.7242,2
0.72447,1
0.72465,3
0.72567,3
0.72665,1
0.72678,2
0.72745,1
0.72785,1
0.72856,1
0.72892,1
0.73003,1
0.73097,1
0.73141,1
0.73173,1
0.73181,1
0.7327,1
0.73333,1
0.73335,1
0.73375,1
0.734,1
0.73412,1
0.73478,1
0.73495,1
0.73652,1
0.73733,1
0.73733,1
0.73979,1
0.73994,2
0.74211,1
0.74297,1
0.74325,4
0.74386,1
0.74436,1
0.7445,1
0.74533,1
0.74642,1
0.74645,1
0.74672,1
0.74754,1
0.7476,1
0.74822,1
0.74869,1
0.74881,1
0.74914,1
0.74972,1
0.74981,1
0.7503,1
0.75035,1
0.75041,1
0.75095,1
0.75136,1
0.75181,1
0.75198,1
0.75217,1
0.75283,1
0.75287,1
0.75321,1
0.75549,1
0.75557,1
0.75653,2
0.75668,1
0.75893,1
0.75976,1
0.75985,1
0.76124,1
0.76271,1
0.76276,1
0.76365,1
0.76384,1
0.76392,1
0.7646,1
0.76544,1
0.76563,1
0.76588,1
0.76643,1
0.76651,1
0.76655,2
0.76976,1
0.76992,1
0.77009,1
0.77039,1
0.77058,1
0.77229,1
0.77276,1
0.77325,1
0.77333,1
0.77379,1
0.77532,2
0.77568,1
0.77591,1
0.77639,1
0.77642,1
0.77785,1
0.77799,1
0.77846,2
0.77878,1
0.7791,1
0.77987,1
0.78,1
0.7801,1
0.7803,1
0.7806,1
0.7812,1
0.78375,3
0.78416,1
0.78461,1
0.78532,1
0.78656,1
0.78673,1
0.78699,1
0.78737,1
0.78753,1
0.78826,1
0.78991,2
0.79104,1
0.79149,1
0.79188,1
0.79198,1
0.79327,4
0.79474,2
0.79662,1
0.79716,1
0.79722,1
0.79812,1
0.79998,1
0.8004,1
0.80085,1
0.80096,1
0.80191,1
0.80377,1
0.80472,1
0.80606,1
0.80624,1
0.80671,1
0.80674,1
0.80675,1
0.80683,1
0.80801,1
0.80897,1
0.80906,1
0.80981,1
0.81008,2
0.81102,1
0.81163,1
0.81347,1
0.81409,1
0.81472,1
0.81535,1
0.81683,1
0.81788,1
0.81943,2
0.82021,1
0.82112,2
0.82241,1
0.82268,1
0.82359,1
0.82395,1
0.82412,2
0.82486,1
0.825,1
0.82528,1
0.82567,1
0.82661,1
0.82697,3
0.82849,2
0.82918,5
0.82918,1
0.82987,1
0.82989,1
0.83032,1
0.83036,4
0.83044,1
0.83056,1
0.83126,2
0.83214,1
0.83374,17
0.8345,2
0.8355,1
0.83693,1
0.83743,1
0.83986,1
0.84053,4
0.84145,1
0.8423,1
0.84346,1
0.84356,1
0.8446,1
0.84559,1
0.84594,1
0.84675,2
0.84733,1
0.84799,1
0.85059,1
0.85088,1
0.85251,1
0.85258,1
0.85274,1
0.85605,1
0.8561,1
0.85852,1
0.85917,1
0.86309,1
0.8631,1
0.86393,1
0.8648,1
0.86548,1
0.86648,1
0.86773,1
0.86779,1
0.86849,1
0.86862,1
0.86975,1
0.87063,1
0.87114,1
0.87121,1
0.87143,2
0.87144,1
0.87241,1
0.87273,1
0.87359,1
0.87414,1
0.87459,1
0.87464,1
0.87465,1
0.87625,1
0.8798,1
0.88122,1
0.88237,1
0.88279,1
0.88294,1
0.88429,1
0.88491,1
0.88664,1
0.88679,1
0.88782,1
0.88868,1
0.88883,1
0.88897,1
0.88982,1
0.88987,1
0.89112,1
0.8918,1
0.89281,1
0.8933,1
0.89352,1
0.89431,1
0.89696,1
0.89817,1
0.89868,2
0.90041,1
0.90207,1
0.9024,1
0.90458,1
0.90585,1
0.90591,2
0.90623,1
0.90683,1
0.90903,1
0.90985,1
0.91103,1
0.91249,3
0.91337,1
0.91474,1
0.91591,1
0.91595,2
0.91623,1
0.91637,1
0.91664,1
0.91914,1
0.91929,6
0.92064,1
0.92287,2
0.92342,1
0.92399,1
0.92529,1
0.92555,1
0.93128,1
0.93155,1
0.93328,3
0.93349,1
0.93502,1
0.93526,1
0.93601,1
0.93676,10
0.93738,1
0.94023,4
0.9411,1
0.9417,2
0.94319,1
0.94372,1
0.946,1
0.94797,1
0.94955,1
0.94962,1
0.95,1
0.95248,1
0.95418,2
0.95499,1
0.95578,1
0.95761,1
0.95767,2
0.95917,1
0.9595,1
0.96117,2
0.96218,1
0.96466,6
0.96547,1
0.96869,1
0.96877,1
0.96968,1
0.97012,1
0.97518,10
0.97518,1
0.97748,1
0.97869,7
0.97911,1
0.97933,1
0.98084,1
0.98369,1
0.98372,1
0.98566,1
0.98572,4
0.98923,2
0.99073,1
0.99248,1
0.99272,1
0.99276,2
0.99277,1
0.99545,1
0.99628,6
0.9963,1
0.99823,1
0.99894,1
1.0012,1
1.0013,1
1.0027,1
1.0033,5
1.0035,1
1.0044,1
1.0059,1
1.0068,1
1.0069,1
1.0069,2
1.0073,1
1.0097,1
1.0104,1
1.011,2
1.0117,1
1.0129,1
1.0139,4
1.0151,1
1.0156,1
1.016,1
1.0171,1
1.0175,16
1.021,21
1.022,1
1.0246,16
1.0256,1
1.0283,1
1.0307,2
1.031,1
1.0323,1
1.0339,1
1.0346,3
1.0352,3
1.0363,1
1.0368,1
1.0371,1
1.0388,23
1.0424,1
1.0453,1
1.0454,1
1.0459,1
1.0493,1
1.0495,19
1.0501,1
1.051,1
1.0511,1
1.0531,3
1.0543,1
1.0553,5
1.0565,1
1.0566,2
1.0568,1
1.0571,23
1.0588,17
1.0599,1
1.0603,1
1.0612,1
1.0617,1
1.0619,1
1.0627,1
1.0638,3
1.064,1
1.0641,2
1.0674,1
1.0686,1
1.0694,1
1.071,1
1.0745,1
1.0767,1
1.0801,1
1.082,1
1.0823,1
1.0825,1
1.0833,1
1.0842,1
1.0843,1
1.0853,2
1.0875,1
1.0877,2
1.0889,1
1.0889,4
1.0906,1
1.0907,1
1.0922,1
1.0925,1883
1.0925,2
1.0931,1
1.0941,1
1.0945,1
1.0961,4
1.097,2
1.0973,1
1.0977,1
1.0985,1
1.0987,1
1.0995,1
1.0997,4
1.0997,1
1.1002,1
1.1002,1
1.1006,1
1.1007,1
1.1012,1
1.1014,1
1.1024,1
1.1032,1
1.1034,1
1.1035,1
1.1036,1
1.1038,1
1.1042,1
1.1044,1
1.1052,5
1.1056,5
1.107,2
1.1075,3
1.1078,1
1.109,1
1.1099,1
1.1106,11
1.1116,3
1.1122,2
1.1127,1
1.1127,1
1.1142,1
1.1142,2
1.1146,1
1.1158,1
1.1158,1
1.1159,2
1.1164,1
1.1176,1
1.1177,1
1.1178,14
1.118,1
1.1184,1
1.1195,1
1.1195,2
1.1195,1
1.1196,2
1.1196,1
1.1196,3
1.1197,2
1.1197,2
1.1198,1
1.1199,2
1.1199,1
1.1199,2
1.12,5
1.12,1
1.1201,4
1.1202,1
1.1204,1
1.1205,1
1.1206,2
1.121,1
1.1211,1
1.1212,2
1.1213,1
1.1215,9
1.1215,2
1.1218,1
1.122,1
1.1222,1
1.1223,1
1.1226,2
1.1227,1
1.1232,1
1.1234,1
1.1235,1
1.1244,2
1.1247,12
1.1251,11
1.1258,2
1.126,5
1.1262,1
1.1262,1
1.1264,34
1.1266,2
1.127,7
1.1272,1
1.1281,1
1.1283,2
1.1285,1
1.1287,2
1.1287,1
1.1292,2
1.1295,1
1.1299,1
1.1299,3
1.1302,2
1.1303,1
1.1304,1
1.1315,2
1.132,1
1.1323,9
1.1325,1
1.1325,3
1.1328,3
1.1331,2
1.1342,1
1.1343,2
1.1346,1
1.1348,2
1.1349,1
1.1354,4
1.1357,1
1.1357,1
1.136,4
1.136,1
1.1361,1
1.1362,1
1.1363,3
1.1367,1
1.1373,4
1.138,1
1.138,1
1.1383,4
1.1386,1
1.1389,1
1.1396,3
1.1396,15
1.1399,2
1.1403,2
1.1406,1
1.1407,1
1.1415,1
1.1418,1
1.1421,1
1.1422,1
1.1428,1
1.1431,1
1.1433,2
1.1435,1
1.1439,1
1.1439,1
1.1446,2
1.145,1
1.1453,1
1.1454,1
1.1458,2
1.1462,3
1.1466,1
1.1468,1
1.1469,17
1.1494,1
1.1503,1
1.1506,3
1.1506,1
1.1507,3
1.1511,3
1.1526,1
1.1528,3
1.1537,1
1.1542,22
1.1548,1
1.1551,2
1.1563,1
1.1565,1
1.1569,1
1.1573,1
1.1574,1
1.1579,5
1.1579,2
1.1592,1
1.1599,1
1.1615,12
1.1617,1
1.1618,1
1.1622,1
1.163,2
1.1635,1
1.1637,1
1.1642,1
1.1643,1
1.1652,3
1.1652,3
1.1652,2
1.1653,1
1.1657,1
1.1657,1
1.1666,1
1.1666,1
1.1668,1
1.167,1
1.1671,1
1.1673,1
1.1678,4
1.1688,18
1.1689,1
1.1699,2
1.1703,1
1.1708,1
1.1709,1
1.171,1
1.1721,5
1.1725,7
1.1732,1
1.1732,4
1.174,1
1.1745,2
1.1754,1
1.1756,1
1.176,1
1.1762,30
1.1765,1
1.1766,3
1.1772,1
1.1775,1
1.1778,3
1.1781,2
1.1783,1
1.1789,3
1.1795,1
1.1795,1
1.1798,1
1.1799,15
1.1799,3
1.1801,1
1.1802,1
1.1807,1
1.1813,2
1.1819,3
1.1821,1
1.1821,1
1.1825,1
1.1825,5
1.1835,41
1.1835,1
1.1837,1
1.1846,2
1.1848,1
1.1855,1
1.186,1
1.1861,1
1.1862,1
1.1864,1
1.187,1
1.1871,2
1.1872,3
1.1872,9
1.1877,1
1.188,1
1.1882,9
1.1892,1
1.1893,1
1.1893,4
1.1899,1
1.1903,1
1.1904,1
1.1909,1
1.1909,42
1.1914,1
1.1919,5
1.1926,1
1.1927,1
1.1929,1
1.1929,1
1.1931,2
1.1932,1
1.1936,1
1.1941,1
1.1941,1
1.1945,1
1.1946,3
1.1946,4
1.1951,1
1.1964,1
1.1965,1
1.1966,1
1.1982,1
1.1983,53
1.1985,1
1.1985,2
1.1988,1
1.1991,1
1.1992,1
1.1995,1
1.2001,1
1.2003,2
1.2005,1
1.2005,1
1.2012,2
1.2015,1
1.2019,3
1.2019,11
1.2019,6
1.2031,1
1.2033,1
1.2039,1
1.204,3
1.2046,1
1.2054,1
1.2055,1
1.2056,44
1.2061,1
1.2068,1
1.2075,1
1.2078,1
1.2086,1
1.2093,16
1.2093,10
1.2096,1
1.2102,3
1.2103,1
1.2114,2
1.2121,1
1.2126,3
1.2127,1
1.213,52
1.213,1
1.2133,2
1.2133,1
1.214,3
1.2147,1
1.2151,2
1.2151,1
1.2162,1
1.2167,9
1.2167,10
1.2168,1
1.217,1
1.2177,1
1.2185,4
1.2188,2
1.2192,2
1.2196,1
1.22,4
1.2204,78
1.2204,1
1.2208,3
1.2209,1
1.2215,5
1.2223,2
1.2224,2
1.2225,2
1.2229,1
1.2231,10
1.2238,6
1.2241,11
1.2241,10
1.2242,2
1.2246,1
1.2251,1
1.2251,1
1.2252,1
1.2254,14
1.2258,2
1.226,1
1.2262,2
1.2262,3
1.2267,1
1.227,7
1.2278,8
1.2278,80
1.2284,2
1.2293,28
1.2295,1
1.2297,1
1.2298,1
1.2298,1
1.2299,2
1.2301,1
1.2301,4
1.2309,11
1.2316,24
1.2316,13
1.2317,4
1.2325,1
1.2331,1
1.2334,1
1.2342,5
1.235,5
1.2353,90
1.2353,4
1.2353,2
1.2354,1
1.2357,1
1.2364,1
1.2366,2
1.2373,1
1.2373,2
1.2374,1
1.2376,2
1.2377,1
1.2383,1
1.239,40
1.239,8
1.2391,1
1.2399,3
1.2408,1
1.2409,1
1.241,6
1.2411,1
1.2416,1
1.242,1
1.2424,2
1.2427,101
1.2427,2
1.2444,1
1.2446,2
1.2447,2
1.2448,3
1.2448,2
1.245,2
1.2452,1
1.2457,1
1.2464,47
1.2464,8
1.2466,1
1.2467,1
1.2483,1
1.2484,1
1.2485,5
1.2486,1
1.2488,1
1.2489,1
1.2493,3
1.2496,1
1.2502,80
1.2502,4
1.2503,1
1.251,2
1.2514,1
1.252,1
1.252,2
1.2522,2
1.2522,1
1.2536,1
1.2536,1
1.2539,33
1.2539,12
1.2542,1
1.2544,1
1.2545,31
1.2552,1
1.2554,2
1.2558,2
1.2558,1
1.2559,6
1.256,4
1.2561,1
1.257,1
1.2572,2
1.2576,126
1.2576,2
1.2579,1
1.2581,2
1.2581,1
1.2595,3
1.2596,2
1.2597,1
1.2597,1
1.2599,1
1.2614,29
1.2614,12
1.2615,1
1.2617,1
1.2619,2
1.2623,23
1.2626,1
1.2632,3
1.2634,1
1.2634,4
1.2635,1
1.2635,1
1.2635,7
1.2635,1
1.2644,4
1.2651,109
1.2651,6
1.2652,1
1.2653,1
1.2653,1
1.267,2
1.2671,1
1.2671,2
1.2688,68
1.2688,18
1.2706,1
1.2707,1
1.2707,3
1.2708,1
1.2708,1
1.2709,2
1.271,1
1.271,1
1.2713,1
1.2726,112
1.2726,6
1.2726,1
1.2727,1
1.2727,2
1.2729,1
1.2737,2
1.2745,2
1.2745,1
1.2746,1
1.2746,1
1.2746,3
1.2747,1
1.2751,1
1.2756,1
1.2756,1
1.2763,78
1.2763,13
1.2775,2
1.2783,1
1.2784,2
1.2784,2
1.2784,1
1.2797,2
1.2801,164
1.2801,4
1.2801,3
1.2802,2
1.2802,1
1.2802,1
1.2814,1
1.282,3
1.2821,1
1.2821,4
1.2823,1
1.2829,1
1.2833,1
1.2836,1
1.2838,85
1.2838,21
1.2846,1
1.2849,1
1.2852,1
1.2857,2
1.2857,6
1.2858,2
1.2859,2
1.2859,1
1.286,2
1.2873,1
1.2876,152
1.2876,7
1.2876,2
1.2877,1
1.2877,1
1.2881,2
1.2884,2
1.2895,3
1.2895,1
1.2895,1
1.2896,1
1.2896,3
1.2905,1
1.2907,1
1.2911,2
1.2913,208
1.2913,14
1.2914,1
1.2914,1
1.2914,2
1.2915,1
1.2916,1
1.292,1
1.2923,2
1.2926,2
1.2931,1
1.2932,2
1.2932,2
1.2933,1
1.2934,3
1.2934,1
1.2941,1
1.2941,1
1.2951,620
1.2951,16
1.2952,1
1.2952,1
1.2956,1
1.297,2
1.297,3
1.2971,1
1.2972,10
1.2973,1
1.2974,1
1.2981,1
1.2989,473
1.2989,9
1.2989,1
1.2989,1
1.299,2
1.2991,3
1.3001,1
1.3007,2
1.3008,2
1.3009,1
1.3009,12
1.301,1
1.3011,1
1.3017,1
1.3022,1
1.3026,180
1.3026,14
1.3026,2
1.3027,1
1.3029,2
1.3032,2
1.3037,1
1.3045,4
1.3045,1
1.3047,22
1.3049,1
1.3064,268
1.3064,6
1.3064,1
1.3065,1
1.3067,1
1.3074,2
1.3083,2
1.3083,8
1.3084,18
1.3084,6
1.3085,9
1.3085,2
1.3086,10
1.3088,1
1.3101,2
1.3102,106
1.3102,24
1.3102,2
1.3103,2
1.3103,2
1.3105,3
1.3105,5
1.3121,5
1.3121,1
1.3121,17
1.3122,45
1.3124,20
1.3125,2
1.3126,1
1.3126,1
1.3139,165
1.314,5
1.314,1
1.3141,1
1.3142,1
1.3142,1
1.3144,1
1.3147,1
1.3152,1
1.3154,1
1.3155,2
1.3158,2
1.3158,1
1.3159,1
1.3159,10
1.316,3
1.316,78
1.3161,5
1.3161,1
1.3162,11
1.3163,1
1.3169,2
1.3172,2
1.3173,6
1.3176,1
1.3177,70
1.3177,20
1.3178,46
1.3179,2
1.3179,2
1.3179,2
1.318,53
1.318,1
1.3183,1
1.3184,3
1.319,3
1.3196,4
1.3196,18
1.3197,5
1.3198,546
1.3199,5
1.3201,1
1.3215,216
1.3215,6
1.3215,1
1.3216,3
1.3217,14
1.3217,10
1.3218,1
1.3219,1
1.322,1
1.3225,1
1.3226,1
1.3228,1
1.3234,1
1.3234,8
1.3236,309
1.3242,1
1.3244,1
1.3253,392
1.3253,33
1.3253,2
1.3254,34
1.3254,1
1.3255,1
1.3256,40
1.3256,1
1.326,1
1.3263,2
1.3266,1
1.3272,13
1.3272,25
1.3273,1
1.3274,34
1.3275,1
1.3281,1
1.3291,512
1.3291,9
1.3291,1
1.3292,5
1.3293,4
1.3294,2
1.3299,1
1.331,1
1.331,6
1.3312,80
1.3312,1
1.3313,1
1.3329,422
1.3329,65
1.3329,252
1.3329,1
1.3332,1
1.3334,1
1.3348,7
1.3348,11
1.3348,8
1.3348,1
1.3349,2
1.3352,1
1.3354,2
1.3365,1
1.3367,1363
1.3367,8
1.3367,316
1.3368,1
1.3369,1
1.3373,1
1.3386,23
1.3386,8
1.3399,1
1.3405,3088
1.3405,71
1.3405,253
1.3405,2
1.3405,1
1.3406,1
1.3406,1
1.3407,1
1.3416,1
1.3417,1
1.3421,2
1.3422,1
1.3424,121
1.3424,931
1.3424,8
1.3425,1
1.3433,1
1.3443,14218
1.3443,4
1.3443,132
1.3443,1
1.3445,1
1.3447,2
1.346,1
1.3462,285
1.3462,12
1.3462,4
1.3462,4
1.3465,2
1.3467,1
1.3478,5
1.3479,3
1.3481,11134
1.3481,9
1.3481,4
1.3481,1
1.3484,1
1.349,1
1.35,31
1.35,632
1.35,2
1.3501,1
1.3502,1
1.3503,1
1.3513,1
1.3519,946
1.3519,7
1.3519,2
1.352,3
1.3521,1
1.3521,2
1.3523,1
1.3538,51
1.3538,12
1.3538,3
1.3539,1
1.3557,3666
1.3557,1
1.3557,2
1.3558,1
1.3559,3
1.3568,1
1.3571,1
1.3576,5
1.3576,1
1.3577,3
1.3578,2
1.3588,2
1.3595,127
1.3595,3
1.3595,3
1.3596,3
1.3607,1
1.3614,9
1.3615,2
1.3633,100
1.3633,1
1.3634,4
1.3634,8
1.3643,1
1.3652,5
1.3653,5
1.3653,3
1.3654,1
1.3671,1
1.3671,1
1.3672,1
1.3672,1
1.3672,2
1.3678,1
1.369,1
1.369,2
1.3691,7
1.3691,1
1.3691,3
1.3698,1
1.3702,1
1.3706,1
1.3709,1
1.371,4
1.371,2
1.3729,3
1.3729,1
1.3747,48
1.3748,2
1.375,1
1.3755,1
1.3769,1
1.3771,1
1.3773,1
1.3775,1
1.3786,4
1.3786,2
1.3787,1
1.3787,1
1.379,2
1.3791,3
1.3799,2
1.3809,3
1.381,10
1.3824,1
1.3824,83
1.3826,1
1.3827,1
1.3827,12
1.3828,43
1.3843,1
1.3846,1
1.3847,42
1.3848,1
1.3862,6
1.3865,6
1.3866,4
1.3885,8
1.3901,16
1.392,1
1.3923,1
1.3928,1
1.3928,2
1.3939,6
1.3959,2
1.3977,8
1.3979,3
1.3986,1
1.3991,1
1.3999,1
1.4016,1
1.4016,4
1.4017,1
1.4022,1
1.405,1
1.4054,5
1.4055,2
1.4063,2
1.4074,1
1.4093,1
1.4101,1
1.414,2
1.417,24
1.418,2
1.4208,196
1.4245,1
1.4246,1
1.4247,24
1.4285,1
1.4295,2
1.4304,1
1.4326,1
1.4334,1
1.4363,31
1.4366,2
1.4371,1
1.4434,1
1.4453,1
1.4463,1
1.4475,1
1.4479,4
1.4501,1
1.4503,1
1.4517,1
1.4535,1
1.4544,1
1.4546,1
1.461,1
1.4628,1
1.4629,1
1.4634,3
1.4642,2
1.4671,1
1.4673,1
1.4674,1
1.4685,1
1.4688,1
1.4714,1
1.4742,2
1.4753,2
1.4756,3
1.4771,1
1.479,2
1.4791,1
1.4799,2
1.4824,1
1.4839,1
1.4872,1
1.4885,1
1.4917,2
1.493,1
1.4974,1
1.5008,1
1.5055,1
1.5063,1
1.5064,2
1.5102,1
1.5103,1
1.5108,1
1.5138,3
1.5153,1
1.5165,1
1.5168,4
1.5182,1
1.5184,3
1.5197,1
1.5199,1
1.5214,2
1.5221,2
1.5229,9
1.5275,5
1.529,7
1.5306,3
1.5321,1
1.5337,1
1.5339,3
1.5352,3
1.5373,1
1.5395,1
1.5414,1
1.5418,1
1.5424,1
1.5438,2
1.5454,1
1.5457,2
1.5484,1
1.5497,1
1.5512,1
1.5572,1
1.5595,1
1.5636,1
1.5637,1
1.5652,3
1.5663,1
1.5668,1
1.5695,6
1.57,2
1.5716,3
1.5748,3
1.5757,1
1.5764,3
1.5774,1
1.5781,14
1.5797,1
1.5813,5
1.5873,1
1.5894,2
1.5895,1
1.5912,1
1.5952,1
1.5955,1
1.5973,3
1.5977,7
1.5995,1
1.6053,1
1.6057,1
1.6061,1
1.6093,2
1.6105,1
1.6122,1
1.6133,1
1.6146,3
1.6191,1
1.6209,1
1.6213,3
1.6247,1
1.6255,1
1.6255,1
1.6264,1
1.6268,1
1.6293,2
1.6297,1
1.6316,1
1.6326,1
1.6343,1
1.635,2
1.6384,2
1.6385,1
1.6397,1
1.6402,2
1.6414,2
1.6437,1
1.6472,8
1.6489,1
1.6499,1
1.6519,1
1.6534,1
1.6559,1
1.6575,4
1.6577,1
1.6594,7
1.6612,13
1.6614,1
1.6615,3
1.6617,3
1.6619,1
1.663,1
1.6643,1
1.6647,3
1.6665,21
1.6696,1
1.6736,1
1.6739,1
1.6777,3
1.679,1
1.6793,1
1.6799,1
1.6817,1
1.6844,1
1.6862,1
1.6873,1
1.688,1
1.6898,2
1.6905,1
1.6914,1
1.6935,1
1.6971,5
1.6979,2
1.699,3
1.7001,2
1.7008,1
1.7026,1
1.7042,1
1.7045,1
1.706,33
1.7063,6
1.7081,1
1.7118,3
1.7137,4
1.7142,5
1.7174,1
1.7183,1
1.7192,1
1.7205,2
1.7223,12
1.7248,1
1.7252,1
1.7264,1
1.7286,6
1.7304,1
1.7305,180
1.7341,2
1.7342,1
1.7346,1
1.7349,1
1.7365,1
1.738,2
1.7387,2
1.7407,1
1.7427,1
1.7453,1
1.7468,3
1.7469,3
1.7486,1
1.7509,3
1.7515,1
1.7531,1
1.7534,2
1.755,1
1.7564,1
1.7573,1
1.7589,2
1.7591,7
1.7595,1
1.7604,1
1.7608,1
1.7628,2
1.7632,30
1.7647,1
1.7673,12
1.7683,2
1.7686,1
1.7705,1
1.7719,1
1.7724,1
1.773,2
1.7752,1
1.7763,1
1.7783,1
1.7797,1
1.7798,4
1.7802,13
1.7803,3
1.7816,1
1.7838,1
1.7861,3
1.7879,27
1.788,3
1.7881,1
1.792,2
1.792,3
1.794,51
1.7962,108
1.7985,1
1.8003,4
1.8019,14
1.8037,1
1.8038,2
1.8058,7
1.8078,1
1.8086,3
1.809,1
1.8118,1
1.8127,7
1.8128,8
1.8138,4
1.8148,1
1.8158,5
1.8169,1
1.8189,1
1.8198,7
1.821,13
1.8212,1
1.8218,1
1.8251,1
1.8253,3
1.8279,1
1.8293,478
1.8294,1
1.8299,1
1.8334,2
1.834,1
1.836,1
1.8376,6
1.8376,1
1.838,8
1.8418,1
1.8442,2
1.8459,15
1.8462,4
1.848,3
1.8482,4
1.8501,1791
1.8502,1
1.8503,2
1.8523,3
1.8543,1
1.8544,1
1.8544,51
1.8565,2
1.8585,6
1.8606,1
1.8627,12
1.8647,6
1.8668,1
1.8689,1
1.871,1
1.8751,19
1.8751,6
1.8772,28
1.8793,18516
1.8899,1
1.8962,1
1.9129,5
